{"accuracy": [0.2637820541858673], "loss": [3.063511848449707], "val_accuracy": [0.31459999084472656], "val_loss": [2.9194841384887695]}