{"accuracy": [0.2637820541858673, 0.4081730842590332, 0.47785621881484985], "loss": [3.063511848449707, 2.404027223587036, 2.0488836765289307], "val_accuracy": [0.31459999084472656, 0.47360000014305115, 0.536300003528595], "val_loss": [2.9194841384887695, 2.1591532230377197, 1.8592450618743896]}