{"accuracy": [0.5748115181922913, 0.3179190754890442, 0.4370192289352417, 0.4609375, 0.5021676421165466, 0.5542467832565308, 0.6640625, 0.6072916388511658, 0.6425015926361084, 0.6328125], "loss": [1.638925313949585, 2.2794015407562256, 1.992316484451294, 1.9032533168792725, 1.8251765966415405, 1.687598705291748, 1.4073216915130615, 1.558133840560913, 1.4623308181762695, 1.452491283416748], "val_accuracy": [0.5902000069618225, 0.4034000039100647, 0.4496000111103058, 0.4805999994277954, 0.5005999803543091, 0.5767999887466431, 0.5807999968528748, 0.5964000225067139, 0.6401000022888184, 0.6115999817848206], "val_loss": [1.5880786180496216, 2.099196195602417, 1.9741755723953247, 1.9089229106903076, 1.9144775867462158, 1.6298890113830566, 1.6027413606643677, 1.630488634109497, 1.5000067949295044, 1.5303255319595337]}