{"accuracy": [0.35398000478744507, 0.46428000926971436, 0.5090799927711487, 0.5377399921417236, 0.5602399706840515, 0.5782399773597717, 0.5906199812889099, 0.6015599966049194, 0.6081399917602539, 0.6215599775314331, 0.6239200234413147, 0.635919988155365, 0.6364799737930298, 0.6421599984169006, 0.646120011806488, 0.6528199911117554, 0.654259979724884, 0.6597800254821777, 0.6623799800872803, 0.6669600009918213], "loss": [1.7418732643127441, 1.4705029726028442, 1.362685203552246, 1.2887026071548462, 1.235186219215393, 1.1874761581420898, 1.1526305675506592, 1.1250227689743042, 1.1041030883789062, 1.0718392133712769, 1.0614709854125977, 1.0338025093078613, 1.0274317264556885, 1.01103675365448, 1.0027862787246704, 0.9852806329727173, 0.9799513220787048, 0.9627525210380554, 0.9608381986618042, 0.9515252113342285], "val_accuracy": [0.4934000074863434, 0.5336999893188477, 0.590399980545044, 0.5760999917984009, 0.6029000282287598, 0.6385999917984009, 0.6536999940872192, 0.6559000015258789, 0.6644999980926514, 0.6639999747276306, 0.6671000123023987, 0.6424999833106995, 0.6894000172615051, 0.6751999855041504, 0.6887000203132629, 0.6729000210762024, 0.6862000226974487, 0.6951000094413757, 0.7156000137329102, 0.7171000242233276], "val_loss": [1.403717041015625, 1.3053548336029053, 1.1369112730026245, 1.2002079486846924, 1.1347415447235107, 1.0121580362319946, 0.988545298576355, 0.9753409028053284, 0.9761489033699036, 0.974031925201416, 0.958640456199646, 1.0289883613586426, 0.9027195572853088, 0.9705682396888733, 0.8920181393623352, 0.9599327445030212, 0.9126970767974854, 0.8914591670036316, 0.8232485055923462, 0.8169898986816406]}